case_id,score
57543,0.010894382717438478
57549,0.08433617118915757
57551,0.007895822924179504
57552,0.011624479450935633
57569,0.08910444193843678
57630,0.012747872249754662
57631,0.03233154248183452
57632,0.00313336090857938
57633,0.05631045914653291
57634,0.006972382384180474
